{
  "real_git": {
    "fbam": {
      "wall_time_ms": [
        81.19553998112679,
        81.8689099745825,
        102.4482799693942,
        77.2859700024128,
        81.42910997848958
      ],
      "accuracy": [
        0.6148867313915858,
        0.6148867313915858,
        0.6148867313915858,
        0.6148867313915858,
        0.6148867313915858
      ]
    },
    "srfbam": {
      "wall_time_ms": [
        15.593790006823838,
        15.898810047656298,
        16.92622995469719,
        15.803129971027374,
        18.02049996331334
      ],
      "accuracy": [
        0.7491909385113269,
        0.7556634304207119,
        0.8203883495145631,
        0.8851132686084142,
        0.8770226537216829
      ]
    },
    "speedup": [
      5.206915056929434,
      5.149373426639001,
      6.05263429857656,
      4.890548273924521,
      4.51869316302352
    ],
    "fbam_soft": {
      "wall_time_ms": [
        94.33267000131309,
        91.06255997903645,
        90.14964001253247,
        102.80769995879382,
        101.34423000272363
      ],
      "accuracy": [
        0.6148867313915858,
        0.6148867313915858,
        0.6148867313915858,
        0.6148867313915858,
        0.6148867313915858
      ]
    }
  },
  "synthetic": {
    "fbam": {
      "wall_time_ms": [
        425.37317001260817,
        463.09824995696545,
        469.3261799402535,
        435.7388900127262,
        439.17692003306
      ],
      "accuracy": [
        0.7781065088757396,
        0.7781065088757396,
        0.9201183431952663,
        0.5029585798816568,
        0.8136094674556213
      ]
    },
    "srfbam": {
      "wall_time_ms": [
        99.22665993217379,
        99.31539997924119,
        103.06517002172768,
        140.6452999683097,
        101.74952996894717
      ],
      "accuracy": [
        0.9911242603550295,
        0.9881656804733728,
        0.9594674556213018,
        0.9970414201183432,
        0.9828402366863905
      ]
    }
  }
}